{"PRE\u0160ERNOV TRG-PETKOV\u0160KOVO NABRE\u017dJE": [46.05108, 14.50513], "POGA\u010cARJEV TRG-TR\u017dNICA": [46.05108, 14.50513], "KONGRESNI TRG-\u0160UBI\u010cEVA ULICA": [46.05108, 14.50513], "CANKARJEVA UL.-NAMA": [46.05108, 14.50513], "BREG": [46.1253646, 14.4670514], "GRUDNOVO NABRE\u017dJE-KARLOV\u0160KA C.": [46.05108, 14.50513], "MIKLO\u0160I\u010cEV PARK": [46.0542761, 14.506539], "BAVARSKI DVOR": [46.056458, 14.505554], "TRG OF-KOLODVORSKA UL.": [46.05108, 14.50513], "MASARYKOVA DDC": [46.05108, 14.50513], "VILHARJEVA CESTA": [46.0598588, 14.5190582], "PARK NAVJE-\u017dELEZNA CESTA": [46.05108, 14.50513], "TRG MDB": [46.0475397, 14.4957598], "PARKIRI\u0160\u010cE NUK 2-FF": [46.05108, 14.50513], "AMBRO\u017dEV TRG": [46.0496172, 14.5172943], "GH \u0160ENTPETER-NJEGO\u0160EVA C.": [46.05108, 14.50513], "ILIRSKA ULICA": [46.0528774, 14.5180231], "TR\u017dA\u0160KA C.-ILIRIJA": [46.05108, 14.50513], "TIVOLI": [46.0600829, 14.4979377], "STARA CERKEV": [46.0632267, 14.4943697], "KINO \u0160I\u0160KA": [46.0688907, 14.4889493], "\u0160PICA": [45.8906566, 14.5318873], "BARJANSKA C.-CENTER STAREJ\u0160IH TRNOVO": [46.02412, 14.48891], "ZALO\u0160KA C.-GRABLOVI\u010cEVA C.": [46.05108, 14.50513], "TR\u017dNICA MOSTE": [46.0560871, 14.5344757], "RO\u017dNA DOLINA-\u0160KRAB\u010cEVA UL.": [46.0513983, 14.4927104], "DUNAJSKA C.-PS PETROL": [46.05108, 14.50513], "PLE\u010cNIKOV STADION": [46.05108, 14.50513], "DUNAJSKA C.-PS MERCATOR": [46.05108, 14.50513], "LIDL - VOJKOVA CESTA": [46.05108, 14.50513], "\u0160PORTNI CENTER STO\u017dICE": [46.08333, 14.51667], "KOPRSKA ULICA": [46.0335518, 14.4845021], "MERCATOR CENTER \u0160I\u0160KA": [46.0870646, 14.4753438], "CITYPARK": [46.0678223, 14.5455741], "BTC CITY/DVORANA A": [46.05108, 14.50513], "BTC CITY ATLANTIS": [46.05108, 14.50513], "TRNOVO": [46.041719, 14.5038838], "P+R BARJE": [46.0273866, 14.4996387], "P + R DOLGI MOST": [46.0367646, 14.4640755], "BONIFACIJA": [46.0393432, 14.4727146], "ANTONOV TRG": [46.05108, 14.50513], "BRATOV\u0160EVA PLO\u0160\u010cAD": [46.089163, 14.5102303], "BS4-STO\u017dICE": [46.0876105, 14.5179847], "SAVSKO NASELJE 2-LINHARTOVA CESTA": [46.0650285, 14.5204987], "SAVSKO NASELJE 1-\u0160MARTINSKA CESTA": [46.0588872, 14.5207739], "SITULA": [46.0595376, 14.5191114], "\u0160TEPANJSKO NASELJE 1-JAK\u010cEVA ULICA": [46.05108, 14.50513], "HOFER-KAJUHOVA": [46.0565351, 14.541214], "BRODARJEV TRG": [46.0558964, 14.5518536], "PREGLOV TRG": [46.0554298, 14.5581158], "LIDL-LITIJSKA CESTA": [46.0477831, 14.5477293], "\u017dIVALSKI VRT": [46.0552982, 14.4721944], "CESTA NA RO\u017dNIK": [46.0541547, 14.4858018], "\u0160MARTINSKI PARK": [46.0667813, 14.5305368], "POLJANSKA-POTO\u010cNIKOVA": [46.0489978, 14.5229004], "SREDNJA FRIZERSKA \u0160OLA": [46.0810379, 14.4910334], "POV\u0160ETOVA-GRABLOVI\u010cEVA": [46.0517822, 14.5301944], "TR\u017dNICA KOSEZE": [46.0738446, 14.4747427], "LIDL BE\u017dIGRAD": [46.0632871, 14.5071518], "MERCATOR MARKET - CELOV\u0160KA C. 163": [46.05108, 14.50513], "RAKOVNIK": [46.1417066, 14.3864132], "ALEJA - CELOV\u0160KA CESTA": [46.0768441, 14.4823362], "IKEA": [46.0656647, 14.5388955], "KOPALI\u0160\u010cE KOLEZIJA": [46.0421118, 14.4940521], "VI\u0160KO POLJE": [46.046362, 14.4690412], "KOSE\u0160KI BAJER": [46.0673089, 14.4687109], "DRAVLJE": [46.0811396, 14.4752006], "\u010cRNU\u010cE": [46.1050061, 14.5328616], "STUDENEC": [46.0560233, 14.5699764], "POLJE": [46.0561216, 14.5800079], "ZALOG": [46.064197, 14.6135837], "LIDL - RUDNIK": [46.0193083, 14.5315024], "PRU\u0160NIKOVA": [46.0898231, 14.4717328], "POV\u0160ETOVA - KAJUHOVA": [46.05108, 14.50513], "SOSESKA NOVO BRDO": [46.0456106, 14.4620973], "TEHNOLO\u0160KI PARK": [46.0489608, 14.4629442], "VOJKOVA - GASILSKA BRIGADA": [46.05108, 14.50513], "GERBI\u010cEVA ULICA": [46.040567, 14.4941464], "DOLENJSKA C. - STRELI\u0160\u010cE": [46.05108, 14.50513], "RO\u0160KA - STRELI\u0160KA": [46.05108, 14.50513], "LEK - VEROV\u0160KOVA": [46.05108, 14.50513], "VOKA - SLOVEN\u010cEVA": [46.05108, 14.50513], "SUPERNOVA LJUBLJANA - RUDNIK": [46.022128, 14.5365425]}